Image,x_top,y_top,x_bottom,y_bottom
image_0001.jpg,49.71648406982422,29.36541175842285,347.8074951171875,133.59886169433594
image_0002.jpg,58.778282165527344,34.93954086303711,340.17987060546875,151.0707244873047
image_0003.jpg,48.17250061035156,35.535709381103516,330.2421569824219,131.17782592773438
image_0004.jpg,48.57012939453125,37.00939178466797,326.5159606933594,137.03262329101562
image_0005.jpg,52.14375305175781,19.5351619720459,336.82269287109375,145.02346801757812
image_0006.jpg,48.09891891479492,23.954830169677734,341.40972900390625,122.95950317382812
image_0007.jpg,49.036720275878906,24.578693389892578,344.2463073730469,120.47064971923828
image_0008.jpg,47.196754455566406,30.187602996826172,342.3485412597656,117.10437774658203
image_0009.jpg,56.28494644165039,31.706518173217773,333.9057922363281,135.68487548828125
image_0010.jpg,57.33729934692383,34.144657135009766,333.3227844238281,103.7442855834961
image_0011.jpg,59.78843307495117,35.38755798339844,337.7151184082031,128.5887451171875
image_0012.jpg,49.353614807128906,26.74720001220703,341.2629699707031,120.90184020996094
image_0013.jpg,46.66571044921875,30.80158042907715,341.6665344238281,142.40345764160156
image_0014.jpg,56.001380920410156,37.31935501098633,347.24560546875,118.99923706054688
image_0015.jpg,61.957881927490234,42.828556060791016,350.55133056640625,160.76651000976562
image_0016.jpg,53.982139587402344,54.47772979736328,326.4653625488281,134.86485290527344
image_0017.jpg,61.82069396972656,36.97562026977539,344.0735168457031,140.72071838378906
image_0018.jpg,57.23637390136719,32.88956832885742,346.6005554199219,143.6208953857422
image_0019.jpg,50.03877258300781,33.2572135925293,340.3772888183594,144.55014038085938
image_0020.jpg,44.926116943359375,32.34843826293945,345.63323974609375,161.9111328125
image_0021.jpg,46.95970153808594,27.1799259185791,342.48406982421875,127.28897857666016
image_0022.jpg,49.69000244140625,32.02984619140625,341.4950866699219,127.56198120117188
image_0023.jpg,49.41918182373047,23.878833770751953,340.1771545410156,118.23565673828125
image_0024.jpg,49.357826232910156,24.90926742553711,340.3258056640625,101.68704986572266
image_0025.jpg,56.178802490234375,32.35821533203125,338.461181640625,138.50857543945312
image_0026.jpg,45.79920196533203,29.813072204589844,335.06512451171875,124.52701568603516
image_0027.jpg,55.279727935791016,27.097108840942383,345.6473388671875,121.79165649414062
image_0028.jpg,54.03656768798828,28.228355407714844,342.16094970703125,111.48867797851562
image_0029.jpg,54.013973236083984,28.824668884277344,344.98883056640625,117.3532485961914
image_0030.jpg,47.47193908691406,28.77284049987793,319.5235595703125,156.51393127441406
image_0031.jpg,58.86371612548828,41.80892562866211,343.9546203613281,195.25498962402344
image_0032.jpg,84.81883239746094,30.239343643188477,341.54547119140625,116.10176849365234
image_0033.jpg,52.32586669921875,29.889728546142578,347.47320556640625,129.9058074951172
image_0034.jpg,75.06193542480469,54.60980224609375,339.2261962890625,118.7842025756836
image_0035.jpg,51.39362335205078,30.483488082885742,330.02325439453125,122.91997528076172
image_0036.jpg,48.8375358581543,3.6647751331329346,344.61083984375,161.54554748535156
image_0037.jpg,52.17462921142578,34.714202880859375,340.3044738769531,134.6669158935547
image_0038.jpg,46.912445068359375,4.5933756828308105,344.2536315917969,102.24378967285156
image_0039.jpg,45.77165985107422,46.74776077270508,318.66790771484375,143.81617736816406
image_0040.jpg,47.70684814453125,31.28422737121582,339.76202392578125,141.2978515625
image_0041.jpg,48.41619873046875,33.59354782104492,345.7889709472656,133.05047607421875
image_0042.jpg,53.05740737915039,33.375892639160156,335.12841796875,150.7497100830078
image_0043.jpg,62.58937454223633,41.08662796020508,335.3193664550781,127.10975646972656
image_0044.jpg,63.225826263427734,30.99321937561035,332.62628173828125,128.10072326660156
image_0045.jpg,48.02846908569336,37.4904670715332,332.98651123046875,154.524169921875
image_0046.jpg,58.35188293457031,24.32382583618164,343.4732666015625,142.9125213623047
image_0047.jpg,58.41123962402344,27.38802719116211,344.1589050292969,147.1803436279297
image_0048.jpg,53.363773345947266,32.649051666259766,327.0101318359375,122.3922119140625
image_0049.jpg,57.547691345214844,39.827735900878906,343.5655517578125,173.47300720214844
image_0050.jpg,56.86528778076172,41.64099884033203,336.0741271972656,122.93973541259766
image_0051.jpg,52.34706497192383,33.2938117980957,345.0727233886719,148.8467559814453
image_0052.jpg,59.24314498901367,25.624164581298828,345.5091247558594,140.24295043945312
image_0053.jpg,50.92949676513672,42.83051300048828,344.1411437988281,135.35833740234375
image_0054.jpg,64.35797882080078,44.0029296875,321.34185791015625,167.0775604248047
image_0055.jpg,55.51344299316406,28.601057052612305,340.2817687988281,112.7587890625
image_0056.jpg,71.29496002197266,31.271766662597656,323.8778076171875,113.48333740234375
image_0057.jpg,53.618316650390625,30.395679473876953,338.4794616699219,137.7130889892578
image_0058.jpg,40.6668701171875,46.26987075805664,337.5472106933594,143.7876739501953
image_0059.jpg,51.70779800415039,6.326144218444824,336.2974548339844,178.4452667236328
image_0060.jpg,55.89164733886719,18.707353591918945,337.07464599609375,124.97689056396484
image_0061.jpg,50.05788803100586,45.042049407958984,334.4206237792969,120.11053466796875
image_0062.jpg,54.31590270996094,46.75846481323242,343.4383850097656,124.24857330322266
image_0063.jpg,55.196556091308594,31.604047775268555,341.75518798828125,114.68651580810547
image_0064.jpg,46.361392974853516,40.496429443359375,339.1606750488281,136.54893493652344
image_0065.jpg,50.151676177978516,29.210416793823242,345.32147216796875,118.95561981201172
image_0066.jpg,51.69654846191406,40.6208610534668,341.8371276855469,108.40916442871094
image_0067.jpg,47.107421875,27.95314598083496,340.857177734375,148.40318298339844
image_0068.jpg,52.86430740356445,31.41873550415039,335.7858581542969,142.16448974609375
image_0069.jpg,46.884883880615234,33.1746826171875,340.1896057128906,143.36766052246094
image_0070.jpg,50.974910736083984,34.92090606689453,343.1292724609375,153.01596069335938
image_0071.jpg,57.102874755859375,39.812950134277344,357.8084716796875,150.14450073242188
image_0072.jpg,59.280521392822266,78.59165954589844,337.42095947265625,170.83056640625
image_0073.jpg,76.29082489013672,30.37308120727539,336.0537109375,109.68573760986328
image_0074.jpg,44.877723693847656,27.98912239074707,345.54913330078125,97.46966552734375
image_0075.jpg,66.3638916015625,32.10557556152344,354.90411376953125,110.61936950683594
image_0076.jpg,70.46392822265625,32.61394119262695,340.3741149902344,144.17747497558594
image_0077.jpg,40.547080993652344,25.86832618713379,346.94805908203125,129.14083862304688
image_0078.jpg,53.074745178222656,23.123836517333984,334.0934753417969,156.10350036621094
image_0079.jpg,60.53602600097656,22.48720359802246,336.65032958984375,127.45587158203125
image_0080.jpg,47.08077621459961,33.177860260009766,340.0896301269531,135.92581176757812
image_0081.jpg,61.39702224731445,31.60097312927246,333.1913757324219,120.86703491210938
image_0082.jpg,57.034019470214844,43.96113967895508,341.77978515625,136.71353149414062
image_0083.jpg,53.49885177612305,15.857198715209961,336.495849609375,147.3812713623047
image_0084.jpg,59.46139144897461,44.2186393737793,348.0801696777344,142.020263671875
image_0085.jpg,55.3359489440918,15.00236988067627,342.6355285644531,139.57339477539062
image_0086.jpg,49.28190231323242,34.12570571899414,342.3446350097656,107.66063690185547
image_0087.jpg,50.47932052612305,17.484390258789062,334.44622802734375,147.1650390625
image_0088.jpg,51.990478515625,52.735111236572266,351.3421936035156,144.82977294921875
image_0089.jpg,46.830101013183594,6.997573375701904,348.82305908203125,142.68125915527344
image_0090.jpg,44.69266891479492,32.781715393066406,340.9813232421875,161.15834045410156
image_0091.jpg,45.106685638427734,29.40455436706543,330.25946044921875,141.49249267578125
image_0092.jpg,63.58729553222656,33.525062561035156,338.3388671875,155.51812744140625
image_0093.jpg,48.78430938720703,32.64860534667969,340.3385925292969,116.64568328857422
image_0094.jpg,75.1463851928711,25.23231315612793,345.6343078613281,110.57054138183594
image_0095.jpg,43.893394470214844,27.65424919128418,342.54144287109375,128.10667419433594
image_0096.jpg,48.3829345703125,42.25358200073242,326.7942810058594,137.31021118164062
image_0097.jpg,47.6281623840332,29.660776138305664,341.3963928222656,155.5998992919922
image_0098.jpg,45.32058334350586,43.987918853759766,337.6702880859375,160.53158569335938
image_0099.jpg,50.99140167236328,34.533203125,341.10040283203125,157.1259765625
image_0100.jpg,47.68295669555664,11.088225364685059,335.9586181640625,163.1837615966797
image_0101.jpg,44.00796127319336,4.421955585479736,350.13861083984375,161.0335693359375
image_0102.jpg,48.42646026611328,27.11197280883789,341.8668518066406,105.30237579345703
image_0103.jpg,50.97636795043945,28.613679885864258,344.3309631347656,105.69258880615234
image_0104.jpg,52.74761199951172,15.586484909057617,343.0884094238281,178.85025024414062
image_0105.jpg,45.99504852294922,57.833473205566406,330.3299865722656,186.33718872070312
image_0106.jpg,49.241065979003906,32.40629959106445,350.6539306640625,147.5954132080078
image_0107.jpg,55.29969024658203,40.11580276489258,352.253662109375,153.21031188964844
image_0108.jpg,55.04236602783203,45.3596076965332,345.27239990234375,129.6131591796875
image_0109.jpg,54.76326370239258,35.31966781616211,341.5670471191406,130.6081085205078
image_0110.jpg,50.330467224121094,16.27749252319336,343.7181396484375,135.6525115966797
image_0111.jpg,58.89312744140625,36.62416076660156,336.78826904296875,128.2096710205078
image_0112.jpg,60.52799606323242,22.842134475708008,337.1487731933594,137.04632568359375
image_0113.jpg,46.19215774536133,30.564603805541992,334.8807067871094,118.34811401367188
image_0114.jpg,46.20219421386719,40.32230758666992,336.1626892089844,154.91549682617188
image_0115.jpg,48.75209426879883,37.58328628540039,335.1271057128906,146.70535278320312
image_0116.jpg,50.75625991821289,33.924156188964844,328.72271728515625,137.36669921875
image_0117.jpg,38.14992904663086,28.400650024414062,346.51220703125,138.3544921875
image_0118.jpg,47.263946533203125,27.898710250854492,345.89215087890625,128.21205139160156
image_0119.jpg,47.019840240478516,8.140260696411133,337.8619079589844,94.41026306152344
image_0120.jpg,39.92938995361328,27.86174964904785,349.09130859375,132.44818115234375
image_0121.jpg,31.915077209472656,32.119625091552734,347.9596252441406,152.74777221679688
image_0122.jpg,64.68671417236328,37.34083938598633,351.55047607421875,136.83628845214844
image_0123.jpg,56.60871887207031,32.296142578125,349.1322326660156,122.90382385253906
image_0124.jpg,50.087181091308594,33.05518341064453,346.5638732910156,115.2375259399414
image_0125.jpg,35.238643646240234,37.939598083496094,347.7491149902344,113.79064178466797
image_0126.jpg,50.03849411010742,36.364925384521484,345.1713562011719,115.01941680908203
image_0127.jpg,56.61262893676758,30.020423889160156,341.9556884765625,125.99443817138672
image_0128.jpg,62.345638275146484,28.297773361206055,350.0101318359375,119.7594985961914
image_0129.jpg,66.56990051269531,41.1961784362793,360.0658264160156,130.01577758789062
image_0130.jpg,45.31174087524414,30.22101593017578,331.3725891113281,115.11151123046875
image_0131.jpg,60.054439544677734,32.19184112548828,347.5162353515625,133.4804229736328
image_0132.jpg,46.0080451965332,32.7501220703125,341.6897888183594,107.54376220703125
image_0133.jpg,57.15517044067383,64.1322021484375,333.45428466796875,135.2462158203125
image_0134.jpg,42.910423278808594,27.927955627441406,341.85174560546875,97.60655212402344
image_0135.jpg,67.35008239746094,53.75017547607422,352.43951416015625,138.42623901367188
image_0136.jpg,36.42383575439453,30.19894027709961,344.9348449707031,130.1739501953125
image_0137.jpg,58.872779846191406,29.04274559020996,349.53192138671875,92.2452163696289
image_0138.jpg,43.429931640625,25.01917839050293,344.3412780761719,91.55704498291016
image_0139.jpg,44.06901550292969,25.691356658935547,345.8324279785156,97.70764923095703
image_0140.jpg,47.146793365478516,24.495304107666016,342.3649597167969,91.52938842773438
image_0141.jpg,64.39598846435547,34.0546875,346.96160888671875,133.7176055908203
image_0142.jpg,47.18036651611328,32.43619918823242,343.6072998046875,144.5447540283203
image_0143.jpg,59.31968688964844,33.79495620727539,345.9828186035156,126.94757080078125
image_0144.jpg,55.3740119934082,29.718965530395508,339.2552795410156,115.5360107421875
image_0145.jpg,69.2015609741211,60.88273239135742,336.4054260253906,141.3115692138672
image_0146.jpg,57.24759292602539,32.68263626098633,347.67132568359375,127.17794799804688
image_0147.jpg,52.3662223815918,29.108659744262695,330.8982849121094,115.51953887939453
image_0148.jpg,36.624237060546875,35.18901824951172,337.3468322753906,122.31990051269531
image_0149.jpg,48.90564727783203,31.84056282043457,343.9466857910156,122.44563293457031
image_0150.jpg,51.26237487792969,28.19518280029297,342.44403076171875,91.6541748046875
image_0151.jpg,47.86662292480469,33.84392166137695,352.13580322265625,90.36070251464844
image_0152.jpg,39.14464569091797,33.52921676635742,342.5001220703125,128.0374755859375
image_0153.jpg,9.121658325195312,0.9160909652709961,168.60801696777344,75.03852081298828
image_0154.jpg,23.453140258789062,9.404125213623047,342.19464111328125,106.55342102050781
image_0155.jpg,26.799392700195312,32.810611724853516,347.8565979003906,126.53076171875
image_0156.jpg,59.363250732421875,26.772663116455078,336.5343933105469,105.5711441040039
image_0157.jpg,42.090213775634766,24.395719528198242,342.0209655761719,103.9139633178711
image_0158.jpg,54.35508728027344,31.054935455322266,341.96661376953125,111.65428161621094
image_0159.jpg,60.395423889160156,36.771568298339844,341.01495361328125,174.7336883544922
image_0160.jpg,50.768287658691406,30.686416625976562,339.7174987792969,132.14967346191406
image_0161.jpg,45.29508972167969,30.649511337280273,337.2475280761719,96.62207794189453
image_0162.jpg,59.993408203125,30.652183532714844,346.86944580078125,132.73666381835938
image_0163.jpg,57.30754852294922,34.055267333984375,336.90545654296875,91.34590911865234
image_0164.jpg,30.935222625732422,31.187536239624023,339.15740966796875,139.33035278320312
image_0165.jpg,42.43446350097656,32.42069625854492,342.29718017578125,111.3592300415039
image_0166.jpg,64.39363861083984,37.93442916870117,353.89306640625,120.13549041748047
image_0167.jpg,48.558773040771484,28.147066116333008,336.6161193847656,111.34318542480469
image_0168.jpg,56.136165618896484,33.7169189453125,341.1260986328125,127.1668701171875
image_0169.jpg,48.6561279296875,32.87326431274414,344.7667236328125,111.32890319824219
image_0170.jpg,48.760746002197266,24.79697036743164,345.4254455566406,113.96690368652344
image_0171.jpg,44.560081481933594,41.17333221435547,340.5301513671875,106.85655975341797
image_0172.jpg,65.15228271484375,42.34135818481445,353.19915771484375,155.5477752685547
image_0173.jpg,44.90254592895508,27.491918563842773,345.775634765625,111.81834411621094
image_0174.jpg,43.93431091308594,28.075220108032227,342.00872802734375,135.03091430664062
image_0175.jpg,54.64666748046875,64.63361358642578,333.9413757324219,142.17454528808594
image_0176.jpg,58.55863952636719,29.048908233642578,348.7129821777344,120.65076446533203
image_0177.jpg,42.79909133911133,26.580984115600586,343.3460388183594,115.33121490478516
image_0178.jpg,51.39380645751953,31.683191299438477,345.12896728515625,157.45816040039062
image_0179.jpg,55.1955451965332,31.401525497436523,347.4013671875,140.6731414794922
image_0180.jpg,50.668670654296875,32.911685943603516,345.0438232421875,120.70829772949219
image_0181.jpg,41.56475830078125,29.522567749023438,340.9967346191406,123.5129623413086
image_0182.jpg,43.408573150634766,26.164287567138672,343.1613464355469,107.05245208740234
image_0183.jpg,43.09303665161133,26.57648468017578,340.0853271484375,110.13591766357422
image_0184.jpg,53.47807312011719,25.47066307067871,343.73895263671875,107.27713775634766
image_0185.jpg,48.4650764465332,29.43790054321289,339.8354797363281,110.56878662109375
image_0186.jpg,47.10097885131836,30.46924591064453,343.9651794433594,145.9365692138672
image_0187.jpg,46.02649688720703,33.27583312988281,347.4164733886719,125.7984848022461
image_0188.jpg,48.536800384521484,26.54365348815918,343.0921630859375,108.1994400024414
image_0189.jpg,53.94535827636719,31.112808227539062,341.48907470703125,130.09957885742188
image_0190.jpg,142.92575073242188,33.12031555175781,248.9620819091797,62.52400588989258
image_0191.jpg,41.4251708984375,29.05724334716797,341.91583251953125,118.05064392089844
image_0192.jpg,53.183223724365234,26.319822311401367,341.6061096191406,101.13323974609375
image_0193.jpg,56.27037811279297,28.98016357421875,344.9397277832031,131.7932891845703
image_0194.jpg,50.12760925292969,63.14175033569336,338.6045837402344,128.87391662597656
image_0195.jpg,54.93979263305664,32.11629867553711,344.7854309082031,104.5652084350586
image_0196.jpg,52.5090446472168,31.271272659301758,341.9620361328125,129.3185272216797
image_0197.jpg,48.43659973144531,26.32571792602539,344.3658752441406,108.57495880126953
image_0198.jpg,49.33720779418945,29.021738052368164,346.6555480957031,138.9121856689453
image_0199.jpg,79.65852355957031,42.364906311035156,349.9746398925781,149.20361328125
image_0200.jpg,57.153099060058594,32.525848388671875,343.98602294921875,131.28118896484375
image_0201.jpg,49.58110809326172,34.351768493652344,342.739013671875,118.70718383789062
image_0202.jpg,41.60572814941406,26.371835708618164,342.52734375,98.67933654785156
image_0203.jpg,45.84047317504883,31.87618064880371,344.852294921875,140.9901123046875
image_0204.jpg,51.91573715209961,34.471073150634766,341.3075256347656,128.16091918945312
image_0205.jpg,56.124698638916016,47.00733947753906,352.2285461425781,131.28565979003906
image_0206.jpg,55.47819137573242,31.908493041992188,340.25079345703125,131.0302734375
image_0207.jpg,58.283668518066406,30.420825958251953,340.5082702636719,145.30210876464844
image_0208.jpg,67.39506530761719,45.5875358581543,339.8932189941406,187.98565673828125
image_0209.jpg,62.85343933105469,41.940738677978516,341.1305847167969,156.26416015625
image_0210.jpg,63.51144790649414,38.3280029296875,337.03375244140625,188.1204071044922
image_0211.jpg,64.65892791748047,37.46906661987305,345.299072265625,139.2242889404297
image_0212.jpg,63.39442443847656,47.49943542480469,349.1796875,159.06744384765625
image_0213.jpg,52.076297760009766,29.57114028930664,347.11920166015625,143.92015075683594
image_0214.jpg,57.59956741333008,58.34629821777344,340.5241394042969,102.54444885253906
image_0215.jpg,47.48588943481445,27.73409080505371,343.5179138183594,112.9458236694336
image_0216.jpg,66.39117431640625,38.11282730102539,345.39501953125,131.42507934570312
image_0217.jpg,37.42350387573242,33.1801643371582,345.77276611328125,138.47056579589844
image_0218.jpg,46.88003158569336,29.52086067199707,347.7694396972656,115.2425537109375
image_0219.jpg,45.03385925292969,39.04434585571289,348.7283630371094,130.35079956054688
image_0220.jpg,51.037513732910156,25.36562728881836,343.8701171875,96.5438003540039
image_0221.jpg,56.660888671875,38.83501052856445,357.5378112792969,141.0513458251953
image_0222.jpg,41.15932846069336,37.092681884765625,347.1973571777344,158.7187957763672
image_0223.jpg,27.383270263671875,30.347518920898438,346.2117919921875,134.45191955566406
image_0224.jpg,39.298866271972656,17.427719116210938,343.6771240234375,122.89794158935547
image_0225.jpg,48.91067123413086,34.7257194519043,348.2399597167969,110.33509826660156
image_0226.jpg,51.13716506958008,43.236671447753906,344.59234619140625,121.48889923095703
image_0227.jpg,37.8092041015625,34.24364471435547,343.6014404296875,134.5646209716797
image_0228.jpg,52.515296936035156,28.064373016357422,345.68890380859375,92.76600646972656
image_0229.jpg,46.10862350463867,36.95756912231445,344.1314392089844,143.38540649414062
image_0230.jpg,64.05943298339844,73.74871063232422,349.1247253417969,134.34768676757812
image_0231.jpg,78.1012191772461,74.6559829711914,348.9909362792969,137.35748291015625
image_0232.jpg,59.23072814941406,35.26797103881836,352.34771728515625,107.95924377441406
image_0233.jpg,57.55271911621094,33.09318923950195,349.5035400390625,130.9900665283203
image_0234.jpg,49.417884826660156,30.697797775268555,344.6640319824219,141.671630859375
image_0235.jpg,54.669464111328125,37.610687255859375,347.17010498046875,136.18199157714844
image_0236.jpg,28.5620174407959,33.67417526245117,350.0107116699219,135.30264282226562
image_0237.jpg,48.56648635864258,37.8996696472168,352.1405029296875,136.8047637939453
image_0238.jpg,39.11965560913086,32.30500411987305,347.37481689453125,142.3085174560547
image_0239.jpg,68.19559478759766,36.15212631225586,352.82470703125,146.45950317382812
image_0240.jpg,57.30998229980469,31.761064529418945,349.65362548828125,123.32798767089844
image_0241.jpg,14.71478271484375,31.550273895263672,352.05584716796875,145.3018341064453
image_0242.jpg,49.32439422607422,34.934444427490234,342.93109130859375,110.59870147705078
image_0243.jpg,34.23883056640625,34.47039794921875,351.0699462890625,135.87269592285156
image_0244.jpg,38.36724853515625,31.663021087646484,340.565673828125,140.36773681640625
image_0245.jpg,83.61917114257812,56.0579719543457,364.1833190917969,169.1418914794922
image_0246.jpg,82.72008514404297,42.02309799194336,343.8403625488281,134.16990661621094
image_0247.jpg,72.67748260498047,1.2152892351150513,358.3659973144531,93.17662048339844
image_0248.jpg,58.43460464477539,26.914758682250977,336.6340026855469,137.3170623779297
image_0249.jpg,63.4893913269043,47.943992614746094,342.7491455078125,131.15626525878906
image_0250.jpg,76.58643341064453,32.486141204833984,336.3638610839844,145.4202117919922
image_0251.jpg,60.569122314453125,39.96472930908203,343.2454528808594,109.75128936767578
image_0252.jpg,63.79856491088867,54.800533294677734,351.2526550292969,131.447021484375
image_0253.jpg,46.952518463134766,32.771297454833984,339.6744384765625,125.27873229980469
image_0254.jpg,47.71799087524414,59.34391403198242,346.4872741699219,184.89590454101562
image_0255.jpg,62.83553695678711,38.53346633911133,350.6649169921875,113.88095092773438
image_0256.jpg,84.74966430664062,61.306766510009766,349.3721618652344,153.83656311035156
image_0257.jpg,49.1787109375,26.903257369995117,350.0581359863281,111.72689056396484
image_0258.jpg,47.498016357421875,32.12504196166992,340.84686279296875,152.8284912109375
image_0259.jpg,71.50992584228516,36.46268844604492,351.859375,125.56881713867188
image_0260.jpg,95.59808349609375,53.974552154541016,355.2800598144531,114.27925109863281
image_0261.jpg,134.47471618652344,0.26424938440322876,333.9702453613281,43.515438079833984
image_0262.jpg,81.0,412.0,85.0,322.0
image_0263.jpg,88.13758850097656,81.88263702392578,343.5078125,192.67459106445312
image_0264.jpg,53.29140090942383,38.938758850097656,357.0890197753906,115.13897705078125
image_0265.jpg,46.67487335205078,49.451019287109375,292.8930358886719,279.27752685546875
image_0266.jpg,67.0,187.0,57.0,348.0
image_0267.jpg,45.84062957763672,90.33740234375,349.56781005859375,181.3009033203125
image_0268.jpg,58.00498962402344,35.51173782348633,345.5730895996094,129.72726440429688
image_0269.jpg,73.26233673095703,39.48310470581055,348.00897216796875,139.11367797851562
image_0270.jpg,64.36463928222656,38.087158203125,349.4603271484375,129.26882934570312
image_0271.jpg,61.48084259033203,33.23960876464844,342.3852233886719,121.07483673095703
image_0272.jpg,55.093997955322266,38.304840087890625,357.1566162109375,130.28103637695312
image_0273.jpg,61.85183334350586,25.39218521118164,347.17108154296875,122.35420227050781
image_0274.jpg,57.9119987487793,35.009986877441406,350.9501647949219,128.71713256835938
image_0275.jpg,56.16435241699219,25.902320861816406,342.20892333984375,89.54869842529297
image_0276.jpg,47.591400146484375,26.760387420654297,342.3759460449219,100.98517608642578
image_0277.jpg,44.30327224731445,33.77139663696289,346.31817626953125,150.05960083007812
image_0278.jpg,52.62956619262695,34.41048812866211,346.8677062988281,148.14443969726562
image_0279.jpg,44.66209411621094,30.08539581298828,344.8030090332031,128.59361267089844
image_0280.jpg,49.08103942871094,39.78847885131836,342.93170166015625,137.2685089111328
image_0281.jpg,48.865135192871094,30.373075485229492,346.26544189453125,131.16143798828125
image_0282.jpg,49.054256439208984,29.157787322998047,349.01910400390625,112.08029174804688
image_0283.jpg,59.941680908203125,31.765438079833984,344.2563781738281,90.5333023071289
image_0284.jpg,60.76228332519531,37.28254318237305,350.6991271972656,132.4722137451172
image_0285.jpg,61.78053283691406,33.4063835144043,349.0933532714844,125.12251281738281
image_0286.jpg,56.88189697265625,42.34445571899414,348.1187744140625,118.46758270263672
image_0287.jpg,57.61025619506836,37.864723205566406,341.2981262207031,120.7107925415039
image_0288.jpg,56.095314025878906,26.880599975585938,344.63323974609375,110.43637084960938
image_0289.jpg,62.385643005371094,32.26337432861328,340.0002136230469,137.27699279785156
image_0290.jpg,44.073585510253906,32.904048919677734,352.3551025390625,129.65206909179688
image_0291.jpg,58.849552154541016,30.72429847717285,350.1122741699219,126.86592102050781
image_0292.jpg,63.29493713378906,31.69121742248535,351.3262634277344,120.9284896850586
image_0293.jpg,62.828857421875,33.0607795715332,349.59136962890625,122.357666015625
image_0294.jpg,56.71290969848633,31.95438003540039,347.9292297363281,131.06399536132812
image_0295.jpg,54.102195739746094,35.034881591796875,348.9270324707031,143.26844787597656
image_0296.jpg,65.61502838134766,39.113155364990234,356.74273681640625,143.83421325683594
image_0297.jpg,63.832515716552734,25.900793075561523,342.5548095703125,125.00282287597656
image_0298.jpg,63.042388916015625,33.73771286010742,351.8808288574219,124.86993408203125
image_0299.jpg,57.287845611572266,30.559328079223633,345.6242980957031,133.2629852294922
image_0300.jpg,61.35374450683594,27.74415397644043,351.3704528808594,105.7425537109375
image_0301.jpg,33.12421798706055,27.726215362548828,342.4452819824219,135.46206665039062
image_0302.jpg,59.30057907104492,33.09018325805664,343.9063720703125,124.52564239501953
image_0303.jpg,48.901947021484375,33.81355667114258,341.35784912109375,135.97401428222656
image_0304.jpg,59.7863883972168,57.00215148925781,350.6875,161.2427978515625
image_0305.jpg,52.30656433105469,39.49202346801758,344.90240478515625,136.22264099121094
image_0306.jpg,38.44992446899414,6.887675762176514,346.56085205078125,135.40646362304688
image_0307.jpg,25.018274307250977,0.0,347.9316711425781,115.48490905761719
image_0308.jpg,46.40798568725586,25.775299072265625,337.47540283203125,102.87319946289062
image_0309.jpg,68.12242889404297,41.8055419921875,362.7405700683594,125.43897247314453
image_0310.jpg,46.97277069091797,36.822975158691406,346.7176513671875,129.40695190429688
image_0311.jpg,60.81644821166992,36.833187103271484,348.11151123046875,127.96259307861328
image_0312.jpg,63.100746154785156,31.642946243286133,352.2894287109375,126.3396987915039
image_0313.jpg,41.98320007324219,26.46628189086914,340.27618408203125,123.09752655029297
image_0314.jpg,63.650413513183594,84.25336456298828,343.08056640625,162.9451141357422
image_0315.jpg,27.172882080078125,30.961681365966797,348.4006652832031,154.4376220703125
image_0316.jpg,43.60507583618164,27.825090408325195,344.7993469238281,96.56952667236328
image_0317.jpg,39.82356262207031,30.257835388183594,345.2264709472656,101.8958969116211
image_0318.jpg,43.0597038269043,34.51853942871094,347.1751403808594,150.83099365234375
image_0319.jpg,42.808231353759766,27.501766204833984,346.451416015625,112.07787322998047
image_0320.jpg,67.46196746826172,42.366920471191406,356.14569091796875,149.87088012695312
image_0321.jpg,49.472618103027344,29.1746883392334,347.942626953125,120.802734375
image_0322.jpg,71.06597900390625,40.63703155517578,353.685546875,143.52117919921875
image_0323.jpg,65.34733581542969,56.613990783691406,349.362060546875,124.6987075805664
image_0324.jpg,64.1821060180664,42.29482650756836,352.0218811035156,147.857177734375
image_0325.jpg,63.3406867980957,32.53237533569336,351.9091796875,132.7285919189453
image_0326.jpg,43.7288703918457,30.696685791015625,348.36236572265625,144.6954345703125
image_0327.jpg,52.320556640625,27.682132720947266,347.6197814941406,113.05211639404297
image_0328.jpg,57.59944534301758,27.690635681152344,344.6054992675781,114.12355041503906
image_0329.jpg,52.609519958496094,28.131546020507812,345.9557800292969,121.84991455078125
image_0330.jpg,69.50411987304688,39.76103973388672,358.4261474609375,127.33548736572266
image_0331.jpg,69.9601821899414,40.9941291809082,344.9752502441406,144.49522399902344
image_0332.jpg,64.60415649414062,38.6904296875,352.2847595214844,154.87147521972656
image_0333.jpg,48.959266662597656,28.072452545166016,348.12249755859375,125.80252075195312
image_0334.jpg,49.41634750366211,31.786895751953125,348.2347106933594,119.28832244873047
image_0335.jpg,55.17429733276367,23.306659698486328,348.4851379394531,112.2767562866211
image_0336.jpg,196.2901611328125,33.03272247314453,340.8633728027344,79.75530242919922
image_0337.jpg,57.7791748046875,30.40780258178711,346.8278503417969,114.08415985107422
image_0338.jpg,57.58416748046875,29.813798904418945,344.5447998046875,132.594482421875
image_0339.jpg,53.44090270996094,24.407947540283203,342.6034851074219,104.9795150756836
image_0340.jpg,56.772216796875,31.87556266784668,350.9140930175781,115.02230834960938
image_0341.jpg,67.02999114990234,57.4336051940918,348.8971862792969,118.04421997070312
image_0342.jpg,54.063724517822266,31.746450424194336,346.39129638671875,128.37535095214844
image_0343.jpg,59.172996520996094,25.89811897277832,347.2514343261719,105.02723693847656
image_0344.jpg,54.91141891479492,27.617666244506836,343.0492248535156,139.44192504882812
image_0345.jpg,5.755016326904297,0.5951991081237793,360.6502990722656,104.20162963867188
image_0346.jpg,51.28849411010742,21.4609375,343.5707702636719,113.30884552001953
image_0347.jpg,57.25709915161133,33.663291931152344,351.4751892089844,136.7277069091797
image_0348.jpg,54.46626281738281,28.635244369506836,351.10772705078125,110.60819244384766
image_0349.jpg,53.98771286010742,32.26993942260742,341.2166442871094,111.98107147216797
image_0350.jpg,55.771541595458984,29.214385986328125,347.0696105957031,115.73834991455078
image_0351.jpg,62.606346130371094,37.3325080871582,347.710205078125,124.86640930175781
image_0352.jpg,64.75363159179688,65.62427520751953,345.58489990234375,146.56231689453125
image_0353.jpg,48.4753303527832,35.02299118041992,352.58087158203125,141.47958374023438
image_0354.jpg,58.10611343383789,35.50376892089844,346.6409606933594,140.4049072265625
image_0355.jpg,61.71464157104492,46.578025817871094,353.3042907714844,134.28433227539062
image_0356.jpg,53.5847053527832,32.886146545410156,348.4267272949219,114.55402374267578
image_0357.jpg,52.769493103027344,27.901525497436523,341.0480651855469,102.25159454345703
image_0358.jpg,72.01666259765625,36.32636642456055,353.76995849609375,137.63926696777344
image_0359.jpg,50.532127380371094,31.981508255004883,344.62957763671875,125.98936462402344
image_0360.jpg,54.40849304199219,30.133466720581055,343.24462890625,112.10075378417969
image_0361.jpg,57.08283615112305,36.08891677856445,345.848388671875,141.23135375976562
image_0362.jpg,66.3893051147461,33.703426361083984,354.2402038574219,118.55217742919922
image_0363.jpg,58.40589904785156,30.921531677246094,341.1628723144531,119.64563751220703
image_0364.jpg,59.827327728271484,28.41224479675293,349.301513671875,129.41114807128906
image_0365.jpg,62.09083557128906,32.259830474853516,344.02294921875,107.42845916748047
image_0366.jpg,15.807202339172363,31.68024444580078,350.03228759765625,139.05812072753906
image_0367.jpg,52.55506134033203,29.869338989257812,347.58209228515625,111.4871826171875
image_0368.jpg,62.34865951538086,87.5415267944336,336.7733154296875,161.4784393310547
image_0369.jpg,50.23286056518555,26.974002838134766,342.08642578125,130.28509521484375
image_0370.jpg,49.050880432128906,25.60125160217285,345.55645751953125,83.95536804199219
image_0371.jpg,51.164005279541016,26.884431838989258,348.213623046875,128.18040466308594
image_0372.jpg,51.73834228515625,33.675601959228516,351.8456115722656,120.5459213256836
image_0373.jpg,61.208133697509766,27.624923706054688,346.7578125,104.23432922363281
image_0374.jpg,50.02116012573242,28.211362838745117,349.03302001953125,109.40662384033203
image_0375.jpg,59.085201263427734,26.886856079101562,347.489501953125,109.04341125488281
image_0376.jpg,39.989173889160156,27.550222396850586,345.2132568359375,130.39630126953125
image_0377.jpg,67.82833099365234,81.0431137084961,348.3793640136719,156.41006469726562
image_0378.jpg,45.87459182739258,27.244922637939453,345.22735595703125,123.7323989868164
image_0379.jpg,65.4078369140625,39.159934997558594,356.8418884277344,148.36146545410156
image_0380.jpg,54.3165397644043,31.183500289916992,345.9970703125,115.71431732177734
image_0381.jpg,48.52485656738281,32.16481399536133,350.66607666015625,117.05709075927734
image_0382.jpg,56.77260208129883,27.375808715820312,351.6221923828125,114.7244644165039
image_0383.jpg,56.62649154663086,31.582067489624023,351.69671630859375,140.9384307861328
image_0384.jpg,56.881256103515625,31.68580436706543,350.7809753417969,119.3556137084961
image_0385.jpg,60.52996063232422,30.381296157836914,342.2250671386719,136.71353149414062
image_0386.jpg,71.78160095214844,46.56903076171875,340.9495849609375,163.887451171875
image_0387.jpg,57.463592529296875,32.59584426879883,343.9802551269531,130.7101593017578
image_0388.jpg,51.02570343017578,30.796768188476562,345.17803955078125,107.4853744506836
image_0389.jpg,53.586299896240234,29.776142120361328,349.78472900390625,121.60801696777344
image_0390.jpg,50.44638442993164,26.82040786743164,350.3288269042969,108.12440490722656
image_0391.jpg,58.398834228515625,33.698448181152344,358.47161865234375,111.63381958007812
image_0392.jpg,49.0186767578125,35.93544006347656,354.1561584472656,139.5851593017578
image_0393.jpg,44.220947265625,31.505067825317383,347.4139099121094,142.0585479736328
image_0394.jpg,17.652828216552734,29.319049835205078,354.05426025390625,124.89823150634766
image_0395.jpg,29.025949478149414,27.62657928466797,348.960205078125,129.19932556152344
image_0396.jpg,61.62297058105469,32.32255172729492,375.8443908691406,130.06224060058594
image_0397.jpg,40.11418533325195,28.232730865478516,348.29022216796875,116.91311645507812
image_0398.jpg,58.68240737915039,30.58541488647461,351.1810607910156,127.49629211425781
image_0399.jpg,20.941802978515625,28.160541534423828,348.4310607910156,125.1700668334961
image_0400.jpg,57.99296569824219,30.649822235107422,349.825927734375,106.49234008789062
image_0401.jpg,53.60996627807617,24.41135025024414,346.52142333984375,103.48839569091797
image_0402.jpg,40.70842361450195,26.567441940307617,348.3868408203125,129.78067016601562
image_0403.jpg,43.43320083618164,27.075855255126953,344.6714782714844,120.23986053466797
image_0404.jpg,56.33501434326172,31.45186996459961,352.45562744140625,117.46785736083984
image_0405.jpg,54.92444610595703,32.323524475097656,377.9671936035156,147.43919372558594
image_0406.jpg,55.04887390136719,29.75281524658203,351.8231201171875,141.6687774658203
image_0407.jpg,73.69097137451172,73.4813232421875,346.3088073730469,162.7396697998047
image_0408.jpg,69.80268859863281,84.45158386230469,345.4737854003906,167.2576904296875
image_0409.jpg,65.14814758300781,82.55059814453125,351.0550537109375,159.22415161132812
image_0410.jpg,35.391998291015625,26.29796028137207,344.7016296386719,113.68875885009766
image_0411.jpg,59.61268997192383,26.466398239135742,352.0859680175781,91.73126983642578
image_0412.jpg,53.290199279785156,23.386213302612305,356.91021728515625,123.68145751953125
image_0413.jpg,55.93711471557617,31.31134605407715,352.3030090332031,99.87603759765625
image_0414.jpg,61.77971267700195,32.50520706176758,355.1190490722656,122.18157958984375
image_0415.jpg,54.53668212890625,36.210628509521484,351.0684509277344,134.87039184570312
image_0416.jpg,63.41407012939453,30.03877067565918,350.6504211425781,121.71351623535156
image_0417.jpg,41.08107376098633,32.541748046875,354.4532470703125,129.2290802001953
image_0418.jpg,66.743896484375,40.93540954589844,356.93359375,145.34999084472656
image_0419.jpg,64.67601776123047,31.353431701660156,350.3498229980469,121.59133911132812
image_0420.jpg,48.21837615966797,31.43659019470215,349.6100158691406,132.86305236816406
image_0421.jpg,57.356346130371094,29.021671295166016,349.8087463378906,136.65171813964844
image_0422.jpg,55.137535095214844,23.984935760498047,348.62677001953125,98.68628692626953
image_0423.jpg,61.915428161621094,31.017852783203125,354.43048095703125,138.1149444580078
image_0424.jpg,53.32029724121094,27.42888641357422,344.7929382324219,96.99848937988281
image_0425.jpg,66.92864990234375,28.257661819458008,347.45709228515625,84.3484115600586
image_0426.jpg,55.60343933105469,28.62030601501465,348.6842041015625,129.41000366210938
image_0427.jpg,54.817256927490234,29.293025970458984,350.04681396484375,95.84962463378906
image_0428.jpg,50.76162338256836,31.547977447509766,347.84051513671875,113.2093276977539
image_0429.jpg,58.60976791381836,25.68362808227539,353.25958251953125,95.71712493896484
image_0430.jpg,57.338600158691406,27.968137741088867,349.2844543457031,83.84583282470703
image_0431.jpg,50.403987884521484,34.34858703613281,352.7753601074219,144.61468505859375
image_0432.jpg,83.74982452392578,49.676212310791016,329.4708251953125,118.51718139648438
image_0433.jpg,46.93706512451172,22.767475128173828,347.13031005859375,79.98184967041016
image_0434.jpg,57.01152420043945,31.112720489501953,349.546875,110.938720703125
image_0435.jpg,52.95109939575195,29.620140075683594,350.4898986816406,95.56490325927734
image_0436.jpg,53.17710494995117,25.818458557128906,345.1916198730469,102.03723907470703
image_0437.jpg,56.258056640625,26.371646881103516,351.83251953125,108.56855010986328
image_0438.jpg,51.616451263427734,30.589120864868164,347.8446960449219,114.63831329345703
image_0439.jpg,57.703006744384766,31.937963485717773,349.5900573730469,113.43092346191406
image_0440.jpg,59.48561096191406,27.80137062072754,349.5794677734375,114.62644958496094
image_0441.jpg,51.97455596923828,30.846412658691406,347.9656066894531,95.77738952636719
image_0442.jpg,51.850799560546875,30.918230056762695,343.80206298828125,90.15364837646484
image_0443.jpg,50.3007698059082,28.073028564453125,344.2923278808594,120.85163879394531
image_0444.jpg,44.707733154296875,29.256669998168945,343.0377502441406,95.875732421875
image_0445.jpg,49.2719612121582,29.267845153808594,346.7044982910156,123.79051208496094
image_0446.jpg,56.744651794433594,29.84740447998047,363.1149597167969,104.10096740722656
image_0447.jpg,58.4282112121582,27.949338912963867,351.05963134765625,118.2489242553711
image_0448.jpg,57.293827056884766,30.69534683227539,399.27764892578125,95.55238342285156
image_0449.jpg,72.93153381347656,74.4656982421875,320.3419494628906,224.27255249023438
image_0450.jpg,64.2720947265625,42.48387908935547,361.9352111816406,136.13882446289062
image_0451.jpg,55.557342529296875,24.61342430114746,348.59039306640625,93.0148696899414
image_0452.jpg,56.43000793457031,93.616943359375,346.7354431152344,143.2218475341797
image_0453.jpg,55.086029052734375,64.25415802001953,343.1871032714844,111.07881164550781
image_0454.jpg,46.96788787841797,30.577239990234375,346.53424072265625,125.38902282714844
image_0455.jpg,52.342445373535156,26.04405403137207,350.8211364746094,113.7048568725586
image_0456.jpg,114.89723205566406,13.19080924987793,225.5137939453125,51.2247314453125
image_0457.jpg,43.733585357666016,25.726720809936523,349.3853454589844,104.48162841796875
image_0458.jpg,55.97182846069336,28.322078704833984,351.64886474609375,131.97503662109375
image_0459.jpg,55.974857330322266,24.965553283691406,343.87115478515625,111.48155212402344
image_0460.jpg,56.13904571533203,21.589534759521484,349.03167724609375,117.2515640258789
image_0461.jpg,45.72054672241211,28.25231170654297,350.87554931640625,101.02029418945312
image_0462.jpg,52.00553894042969,29.482696533203125,350.79156494140625,111.0558853149414
image_0463.jpg,56.21041488647461,40.84559631347656,349.66583251953125,117.92327880859375
image_0464.jpg,34.16748809814453,33.26455307006836,351.7389221191406,137.095947265625
image_0465.jpg,71.67855834960938,28.28244400024414,347.090576171875,118.526123046875
image_0466.jpg,55.67092514038086,30.718286514282227,345.5982666015625,134.55931091308594
image_0467.jpg,51.9349250793457,25.61527442932129,349.4576416015625,124.35945892333984
image_0468.jpg,67.72721862792969,37.0653190612793,365.6565856933594,145.7652130126953
image_0469.jpg,58.67822265625,25.460542678833008,347.3418273925781,116.57508087158203
image_0470.jpg,48.217220306396484,27.26020050048828,341.9229736328125,133.94056701660156
image_0471.jpg,55.871822357177734,23.98784828186035,341.8080749511719,98.8305892944336
image_0472.jpg,49.687232971191406,32.000675201416016,347.33526611328125,125.136962890625
image_0473.jpg,62.70024490356445,65.68473815917969,351.2592468261719,125.85958862304688
image_0474.jpg,49.534690856933594,26.793212890625,343.3179931640625,120.6413345336914
image_0475.jpg,60.21540832519531,73.07554626464844,327.42755126953125,160.83729553222656
image_0476.jpg,77.06782531738281,77.34130096435547,351.3738708496094,147.16783142089844
image_0477.jpg,52.119911193847656,32.52631759643555,348.305419921875,139.09584045410156
image_0478.jpg,66.78424072265625,28.340328216552734,336.64385986328125,135.15191650390625
image_0479.jpg,64.80198669433594,38.038818359375,361.8671875,118.25140380859375
image_0480.jpg,44.37521743774414,27.518606185913086,349.71588134765625,120.17302703857422
image_0481.jpg,49.594757080078125,25.60542869567871,346.6480712890625,128.9425506591797
image_0482.jpg,86.94664001464844,24.927709579467773,348.5113220214844,131.43655395507812
image_0483.jpg,58.14410400390625,27.864490509033203,343.28515625,140.30946350097656
image_0484.jpg,69.73348999023438,77.1729965209961,351.5093994140625,137.48736572265625
image_0485.jpg,53.59628677368164,25.626319885253906,348.12982177734375,129.89968872070312
image_0486.jpg,57.17658615112305,55.49220275878906,339.23095703125,117.34380340576172
image_0487.jpg,51.82890701293945,26.767221450805664,345.4585266113281,115.88423919677734
image_0488.jpg,58.65536117553711,36.18682861328125,356.26434326171875,143.44696044921875
image_0489.jpg,55.39475631713867,30.6873836517334,350.7755432128906,128.2816925048828
image_0490.jpg,58.295616149902344,24.50005531311035,345.4383850097656,127.85823822021484
image_0491.jpg,59.164302825927734,32.14765548706055,343.44879150390625,131.10317993164062
image_0492.jpg,55.62492370605469,24.488401412963867,344.31927490234375,104.51687622070312
image_0493.jpg,48.74527359008789,21.95693016052246,346.8940124511719,81.13177490234375
image_0494.jpg,57.69980239868164,31.108675003051758,346.4964904785156,126.9244155883789
image_0495.jpg,61.22725296020508,31.524457931518555,350.5270690917969,137.73025512695312
image_0496.jpg,49.148860931396484,23.334714889526367,345.8929138183594,124.7780532836914
image_0497.jpg,50.67314529418945,25.807870864868164,347.8700256347656,112.88790893554688
image_0498.jpg,49.97947692871094,27.583646774291992,347.69671630859375,113.94974517822266
image_0499.jpg,74.22576904296875,25.433155059814453,347.46533203125,133.616455078125
image_0500.jpg,50.647064208984375,25.30080795288086,348.3294677734375,109.65089416503906
image_0501.jpg,54.1961669921875,25.733642578125,347.87298583984375,124.78437805175781
image_0502.jpg,53.24457931518555,26.084177017211914,346.2518310546875,119.21184539794922
image_0503.jpg,64.32752227783203,29.818750381469727,352.49029541015625,122.2134017944336
image_0504.jpg,61.17507553100586,70.82035827636719,346.7243957519531,113.39490509033203
image_0505.jpg,70.99079132080078,67.74022674560547,346.945556640625,109.8460464477539
image_0506.jpg,61.96682357788086,26.053735733032227,345.7514343261719,111.50537109375
image_0507.jpg,53.39934539794922,21.359962463378906,347.6692810058594,102.9281005859375
image_0508.jpg,54.994258880615234,26.613727569580078,349.93023681640625,129.54417419433594
image_0509.jpg,58.64959716796875,27.220102310180664,344.8375244140625,121.89241790771484
image_0510.jpg,48.29612350463867,30.749998092651367,349.5373840332031,123.90998077392578
image_0511.jpg,59.82011032104492,27.275272369384766,348.5794677734375,133.42991638183594
image_0512.jpg,57.35457229614258,31.96076011657715,353.19671630859375,144.53468322753906
image_0513.jpg,51.14842224121094,30.127365112304688,345.4742431640625,120.55819702148438
image_0514.jpg,49.61196517944336,25.135421752929688,346.2117919921875,92.65071105957031
image_0515.jpg,54.23249435424805,23.926395416259766,347.55267333984375,108.52339935302734
image_0516.jpg,50.87649154663086,24.686338424682617,347.0881042480469,111.50247192382812
image_0517.jpg,50.489280700683594,24.44217300415039,346.3019714355469,113.4845962524414
image_0518.jpg,52.38605880737305,27.61629295349121,343.024658203125,109.98908996582031
image_0519.jpg,49.07506561279297,25.510334014892578,343.9213562011719,113.4300537109375
image_0520.jpg,53.18922424316406,24.999740600585938,346.2586364746094,107.4566879272461
image_0521.jpg,71.0979232788086,27.551918029785156,347.4248046875,128.22100830078125
image_0522.jpg,50.61084747314453,25.25004768371582,344.6661071777344,119.17708587646484
image_0523.jpg,58.90060806274414,27.075035095214844,348.4718017578125,121.69123077392578
image_0524.jpg,37.47328567504883,30.64019203186035,346.1902160644531,134.32113647460938
image_0525.jpg,47.30027770996094,26.562915802001953,351.2943115234375,113.31336212158203
image_0526.jpg,45.975196838378906,26.194774627685547,350.1195068359375,112.65543365478516
image_0527.jpg,42.62623596191406,28.953964233398438,349.61474609375,112.1656494140625
image_0528.jpg,51.470706939697266,24.787939071655273,343.1517028808594,118.77677154541016
image_0529.jpg,64.08346557617188,30.658138275146484,355.10888671875,127.27198791503906
image_0530.jpg,46.134586334228516,24.246946334838867,343.54156494140625,123.94931030273438
image_0531.jpg,36.66423034667969,29.58111572265625,347.32781982421875,128.04022216796875
image_0532.jpg,48.442169189453125,25.578081130981445,343.6333923339844,120.6971664428711
image_0533.jpg,50.14488220214844,27.653160095214844,343.150390625,124.0460205078125
image_0534.jpg,48.08097457885742,21.49134063720703,343.88726806640625,96.95742797851562
image_0535.jpg,55.673492431640625,23.43871307373047,343.7025451660156,129.42311096191406
image_0536.jpg,56.63267135620117,25.668663024902344,348.1820983886719,114.47339630126953
image_0537.jpg,58.62990188598633,32.59619140625,351.533935546875,129.24749755859375
image_0538.jpg,48.72533416748047,23.5760440826416,342.879638671875,116.9332504272461
image_0539.jpg,48.08761215209961,29.817914962768555,344.2594299316406,122.96272277832031
image_0540.jpg,54.429222106933594,40.47358703613281,332.53570556640625,158.06613159179688
image_0541.jpg,50.939762115478516,24.856698989868164,347.4877624511719,121.62389373779297
image_0542.jpg,47.97669982910156,26.04827880859375,344.225830078125,109.16151428222656
image_0543.jpg,48.9577751159668,29.40412139892578,341.5051574707031,117.76628112792969
image_0544.jpg,49.77003860473633,23.072214126586914,342.7655334472656,102.60590362548828
image_0545.jpg,51.75221252441406,26.776887893676758,347.7960510253906,122.7750473022461
image_0546.jpg,48.06204605102539,25.11200714111328,345.1009521484375,108.38329315185547
image_0547.jpg,50.413780212402344,25.48230743408203,347.4893798828125,122.50619506835938
image_0548.jpg,49.38825988769531,26.072818756103516,344.1346130371094,104.06945037841797
image_0549.jpg,47.500091552734375,26.957496643066406,346.6502380371094,112.78710174560547
image_0550.jpg,49.96913146972656,22.4450626373291,343.7763671875,107.2977294921875
image_0551.jpg,43.49464416503906,23.722204208374023,342.4200134277344,97.0569076538086
image_0552.jpg,53.21955871582031,26.692346572875977,348.61553955078125,100.5261459350586
image_0553.jpg,56.97515869140625,38.267826080322266,341.5676574707031,189.11659240722656
image_0554.jpg,76.90135955810547,42.15271759033203,347.1241455078125,142.6992645263672
image_0555.jpg,58.507816314697266,38.95340347290039,358.638427734375,153.2538299560547
image_0556.jpg,51.30100631713867,23.038354873657227,347.9233703613281,118.28795623779297
image_0557.jpg,271.2382507324219,98.08794403076172,401.3985595703125,153.93289184570312
image_0558.jpg,49.10561752319336,31.671775817871094,347.84075927734375,123.86212158203125
image_0559.jpg,45.27140426635742,25.00408172607422,345.9515075683594,118.3449935913086
image_0560.jpg,51.81809997558594,27.379756927490234,350.3201599121094,134.18479919433594
image_0561.jpg,58.141151428222656,26.476179122924805,351.8952941894531,115.52413940429688
image_0562.jpg,56.958831787109375,35.94185256958008,353.20965576171875,153.91082763671875
image_0563.jpg,49.38322067260742,31.996795654296875,344.84844970703125,112.0976333618164
image_0564.jpg,63.79475784301758,37.7590217590332,353.58843994140625,166.084228515625
image_0565.jpg,56.40903091430664,32.26259231567383,351.7155456542969,104.0066909790039
image_0566.jpg,49.41181564331055,27.16907501220703,343.13287353515625,106.46714782714844
image_0567.jpg,50.943729400634766,31.524253845214844,344.9075012207031,115.8918228149414
image_0568.jpg,62.58073806762695,34.128292083740234,352.8282775878906,157.9626922607422
image_0569.jpg,61.27943801879883,33.846923828125,349.98858642578125,170.46737670898438
image_0570.jpg,65.06562805175781,37.2617073059082,356.6743469238281,171.75445556640625
image_0571.jpg,50.119361877441406,29.042348861694336,346.30389404296875,108.26914978027344
image_0572.jpg,53.344295501708984,25.353490829467773,343.2990417480469,111.40619659423828
image_0573.jpg,52.135196685791016,26.906726837158203,348.09326171875,112.6424789428711
image_0574.jpg,48.82905197143555,27.490304946899414,346.67291259765625,123.06629180908203
image_0575.jpg,50.653564453125,25.492740631103516,346.19830322265625,112.25613403320312
image_0576.jpg,51.627925872802734,24.50261878967285,346.2905578613281,109.02603149414062
image_0577.jpg,55.72232437133789,26.072303771972656,352.585205078125,117.56781768798828
image_0578.jpg,64.60137176513672,35.617923736572266,358.2311706542969,156.7080078125
image_0579.jpg,51.32817840576172,28.91031837463379,347.1592712402344,84.92760467529297
image_0580.jpg,49.4207649230957,32.07748794555664,350.4432373046875,118.11372375488281
image_0581.jpg,50.63516616821289,27.88226318359375,347.0506286621094,93.5730209350586
image_0582.jpg,54.00150680541992,30.3804874420166,349.21722412109375,107.95576477050781
image_0583.jpg,54.43925857543945,26.007305145263672,349.516357421875,112.60674285888672
image_0584.jpg,60.76354217529297,29.629295349121094,350.67724609375,98.17637634277344
image_0585.jpg,50.19031524658203,26.44407081604004,347.1992492675781,115.31731414794922
image_0586.jpg,51.21369171142578,27.400480270385742,343.5997009277344,121.76919555664062
image_0587.jpg,57.79250717163086,27.084125518798828,350.70489501953125,105.79634857177734
image_0588.jpg,48.05635452270508,26.336429595947266,345.52410888671875,113.47893524169922
image_0589.jpg,54.20418930053711,28.057050704956055,344.077392578125,125.49728393554688
image_0590.jpg,55.13448715209961,30.32276153564453,351.15106201171875,120.46913146972656
image_0591.jpg,54.99207305908203,27.927663803100586,348.4894714355469,109.65729522705078
image_0592.jpg,49.120914459228516,26.85590934753418,343.8409118652344,115.73654174804688
image_0593.jpg,53.55021667480469,27.279510498046875,349.143798828125,119.67507934570312
image_0594.jpg,47.10012435913086,28.218040466308594,345.87957763671875,116.88815307617188
image_0595.jpg,57.03587341308594,28.432064056396484,349.2754821777344,129.92108154296875
image_0596.jpg,53.04754638671875,26.166027069091797,343.15863037109375,101.83307647705078
image_0597.jpg,59.505374908447266,33.49554443359375,348.6989440917969,134.03392028808594
image_0598.jpg,50.50693130493164,28.53223419189453,345.4684753417969,112.66724395751953
image_0599.jpg,53.67498016357422,25.185636520385742,343.5472106933594,92.27118682861328
image_0600.jpg,56.312313079833984,32.01905822753906,346.4176330566406,117.06365203857422
image_0601.jpg,55.443477630615234,27.348033905029297,350.5527648925781,102.36200714111328
image_0602.jpg,60.01945114135742,33.188716888427734,356.2965393066406,128.19805908203125
image_0603.jpg,48.4110107421875,28.056032180786133,347.13702392578125,109.58055114746094
image_0604.jpg,54.0711784362793,30.694852828979492,349.4959716796875,117.11688232421875
image_0605.jpg,53.10683059692383,24.16059112548828,346.3027648925781,106.55384063720703
image_0606.jpg,57.11023712158203,32.07695007324219,348.7815246582031,100.56147766113281
image_0607.jpg,49.709739685058594,30.992755889892578,346.169677734375,117.63642883300781
image_0608.jpg,49.68965148925781,32.88896179199219,347.4420471191406,106.02677154541016
image_0609.jpg,49.152645111083984,27.11843490600586,344.5924377441406,106.96436309814453
image_0610.jpg,49.88554000854492,24.730148315429688,347.2174072265625,111.28922271728516
image_0611.jpg,52.944705963134766,27.8505859375,350.5499572753906,110.36517333984375
image_0612.jpg,52.22055435180664,30.89217758178711,348.5942077636719,102.01773834228516
image_0613.jpg,53.745487213134766,25.31666374206543,346.245849609375,118.27963256835938
image_0614.jpg,62.63603973388672,69.71308898925781,342.11578369140625,134.2587127685547
image_0615.jpg,50.34536361694336,28.34088706970215,351.1041259765625,122.23944854736328
image_0616.jpg,45.655696868896484,25.652528762817383,345.97344970703125,112.90888977050781
image_0617.jpg,30.694412231445312,27.73399543762207,346.51690673828125,125.00666809082031
image_0618.jpg,70.76830291748047,68.48176574707031,337.20294189453125,134.1259307861328
image_0619.jpg,71.0080337524414,57.96565246582031,340.4237976074219,131.2705841064453
image_0620.jpg,56.16331481933594,37.49725341796875,348.0294494628906,121.03937530517578
image_0621.jpg,58.58090591430664,73.95390319824219,326.5528564453125,156.56227111816406
image_0622.jpg,66.66161346435547,59.58445358276367,353.5025634765625,117.57404327392578
image_0623.jpg,64.80001831054688,44.840789794921875,340.326416015625,115.92013549804688
image_0624.jpg,53.811805725097656,22.141647338867188,345.2293701171875,128.15481567382812
image_0625.jpg,49.588478088378906,25.852222442626953,343.8371887207031,107.07689666748047
image_0626.jpg,65.28267669677734,68.13998413085938,335.73297119140625,127.70246887207031
image_0627.jpg,69.42726135253906,35.732322692871094,334.4423522949219,124.68596649169922
image_0628.jpg,60.14939498901367,31.633522033691406,344.8422546386719,114.83356475830078
image_0629.jpg,57.83085250854492,30.03286361694336,343.61224365234375,112.68700408935547
image_0630.jpg,53.960693359375,32.66975021362305,347.40032958984375,135.3097686767578
image_0631.jpg,48.90941619873047,26.162364959716797,346.7154846191406,103.47102355957031
image_0632.jpg,55.112911224365234,39.67279052734375,337.1582946777344,98.20012664794922
image_0633.jpg,57.16405487060547,33.53706741333008,346.3471374511719,132.95785522460938
image_0634.jpg,51.16958999633789,32.889095306396484,341.8634948730469,122.99212646484375
image_0635.jpg,55.38102340698242,28.67230796813965,349.282958984375,110.52713012695312
image_0636.jpg,49.37315368652344,25.62469482421875,343.5426025390625,91.94353485107422
image_0637.jpg,50.877403259277344,27.428077697753906,349.2357177734375,119.24934387207031
image_0638.jpg,54.371307373046875,29.662511825561523,349.0341491699219,139.34317016601562
image_0639.jpg,52.37849426269531,30.177644729614258,348.2251281738281,138.53224182128906
image_0640.jpg,50.44398880004883,27.223031997680664,346.3143005371094,127.10905456542969
image_0641.jpg,57.0017204284668,29.210630416870117,347.8708801269531,132.52633666992188
image_0642.jpg,51.515228271484375,30.14211654663086,346.08184814453125,119.04668426513672
image_0643.jpg,48.30678939819336,23.349409103393555,343.6917724609375,94.51929473876953
image_0644.jpg,48.601661682128906,30.525842666625977,346.89715576171875,138.72447204589844
image_0645.jpg,57.12185287475586,30.90305519104004,348.25885009765625,99.08297729492188
image_0646.jpg,60.57748794555664,32.40690231323242,348.05633544921875,149.125732421875
image_0647.jpg,56.05704879760742,33.94874572753906,351.5344543457031,153.36680603027344
image_0648.jpg,58.495635986328125,35.657508850097656,353.4922180175781,132.438232421875
image_0649.jpg,63.256412506103516,51.79084396362305,350.573486328125,98.56051635742188
image_0650.jpg,35.87903594970703,31.63733673095703,346.5615234375,138.4285125732422
image_0651.jpg,67.1976318359375,29.55095863342285,349.915771484375,111.38397979736328
image_0652.jpg,56.325504302978516,33.3138313293457,346.5379943847656,130.29920959472656
image_0653.jpg,54.041526794433594,30.702619552612305,346.6318359375,110.32664489746094
image_0654.jpg,62.41657638549805,22.486452102661133,342.0066833496094,88.27057647705078
image_0655.jpg,44.909603118896484,35.75114059448242,346.5798034667969,144.5506134033203
image_0656.jpg,59.514610290527344,37.70585632324219,358.0418395996094,176.30459594726562
image_0657.jpg,54.58232879638672,21.096874237060547,349.888427734375,136.7455291748047
image_0658.jpg,76.18568420410156,31.326021194458008,352.08709716796875,105.1905517578125
image_0659.jpg,56.660213470458984,32.653934478759766,351.78558349609375,128.32884216308594
image_0660.jpg,48.02630615234375,27.367572784423828,343.51287841796875,108.25897979736328
image_0661.jpg,48.67473220825195,27.58051109313965,346.76397705078125,115.57530212402344
image_0662.jpg,48.57992935180664,24.34886360168457,344.32977294921875,107.50872039794922
image_0663.jpg,53.355445861816406,27.874956130981445,348.0078125,127.02494812011719
image_0664.jpg,55.01821517944336,26.898113250732422,345.13409423828125,127.57718658447266
image_0665.jpg,49.62508773803711,28.96556282043457,345.906005859375,122.15326690673828
image_0666.jpg,49.616432189941406,25.43443489074707,346.99188232421875,131.36697387695312
image_0667.jpg,49.42340850830078,28.94775390625,348.7259216308594,123.64503479003906
image_0668.jpg,51.28073501586914,29.04811668395996,346.2572937011719,120.12734985351562
image_0669.jpg,53.114295959472656,31.791440963745117,346.0396728515625,118.85684967041016
image_0670.jpg,47.80773162841797,30.916257858276367,346.7772521972656,123.51240539550781
image_0671.jpg,46.20419692993164,26.367420196533203,342.8946228027344,114.3278579711914
image_0672.jpg,51.43638229370117,24.562108993530273,345.1570129394531,111.77581024169922
image_0673.jpg,56.31447219848633,32.754390716552734,351.1506042480469,132.71945190429688
image_0674.jpg,49.278968811035156,25.551944732666016,344.0495300292969,115.71363067626953
image_0675.jpg,56.27086639404297,28.360919952392578,343.4449768066406,114.14498901367188
image_0676.jpg,56.863346099853516,35.438743591308594,344.68212890625,118.79853057861328
image_0677.jpg,48.56801986694336,27.15372657775879,343.7399597167969,129.459716796875
image_0678.jpg,55.72034454345703,33.38292694091797,351.1225280761719,136.21788024902344
image_0679.jpg,48.09803009033203,24.514446258544922,342.9429626464844,111.42127990722656
image_0680.jpg,50.32781982421875,25.488988876342773,345.2430114746094,112.65338897705078
image_0681.jpg,49.90361404418945,24.712474822998047,347.5243835449219,109.30826568603516
image_0682.jpg,60.67844009399414,30.440113067626953,354.7209167480469,137.91587829589844
image_0683.jpg,51.835086822509766,26.818073272705078,348.22918701171875,107.086181640625
image_0684.jpg,56.56483459472656,31.817832946777344,352.5118713378906,124.71000671386719
image_0685.jpg,52.89913558959961,27.807537078857422,349.3327331542969,119.54065704345703
image_0686.jpg,56.52921676635742,28.3233699798584,351.12310791015625,129.220458984375
image_0687.jpg,55.760536193847656,29.04804039001465,348.1720886230469,125.14510345458984
image_0688.jpg,52.101287841796875,25.030956268310547,343.8511657714844,107.2808609008789
image_0689.jpg,53.792274475097656,25.557546615600586,347.4437255859375,117.61890411376953
image_0690.jpg,54.13433837890625,32.62681198120117,349.110595703125,147.0423583984375
image_0691.jpg,51.046817779541016,25.905534744262695,349.05841064453125,109.19388580322266
image_0692.jpg,49.28825378417969,23.24911117553711,343.8290100097656,103.26192474365234
image_0693.jpg,55.04915237426758,27.5622501373291,342.4635314941406,103.73335266113281
image_0694.jpg,52.92904281616211,26.152103424072266,346.43023681640625,120.85758209228516
image_0695.jpg,48.554874420166016,25.148475646972656,344.0166320800781,114.48992156982422
image_0696.jpg,57.39726257324219,27.685041427612305,345.77972412109375,114.81671142578125
image_0697.jpg,55.562782287597656,31.044559478759766,349.8574523925781,115.9018325805664
image_0698.jpg,49.44695281982422,29.15578842163086,349.05706787109375,125.54953002929688
image_0699.jpg,48.88068389892578,25.95561408996582,344.6903991699219,115.11418914794922
image_0700.jpg,49.1629753112793,27.110042572021484,346.88507080078125,120.56065368652344
image_0701.jpg,52.34806823730469,25.15376853942871,347.2652893066406,120.19486999511719
image_0702.jpg,64.96874237060547,39.235076904296875,357.74725341796875,128.35726928710938
image_0703.jpg,57.90148162841797,35.766929626464844,352.19683837890625,132.60739135742188
image_0704.jpg,52.13528823852539,29.847463607788086,348.3528137207031,133.98712158203125
image_0705.jpg,53.04231262207031,25.596460342407227,348.8742980957031,109.42542266845703
image_0706.jpg,57.27592849731445,33.29484558105469,347.1228942871094,129.32374572753906
image_0707.jpg,59.5774040222168,32.35525894165039,355.4581298828125,133.92501831054688
image_0708.jpg,51.43751525878906,29.669151306152344,351.57763671875,122.93171691894531
image_0709.jpg,52.46372604370117,29.499610900878906,344.7543640136719,116.3775634765625
image_0710.jpg,52.59215545654297,37.04737091064453,344.4301452636719,140.9288330078125
image_0711.jpg,56.80547332763672,34.08293151855469,349.8182067871094,109.56498718261719
image_0712.jpg,49.708030700683594,25.69742202758789,347.00225830078125,118.80255889892578
image_0713.jpg,53.285614013671875,32.14448547363281,349.89874267578125,149.98704528808594
image_0714.jpg,51.10911178588867,26.08770751953125,348.35467529296875,112.99826049804688
image_0715.jpg,43.44664764404297,27.727283477783203,346.2055358886719,137.94090270996094
image_0716.jpg,47.5435905456543,22.133577346801758,344.52862548828125,88.7102279663086
image_0717.jpg,56.41582489013672,25.680830001831055,347.6422119140625,122.29534912109375
image_0718.jpg,47.999935150146484,26.962692260742188,344.3218688964844,111.78854370117188
image_0719.jpg,55.08308410644531,26.10375213623047,342.597412109375,116.26899719238281
image_0720.jpg,52.96921157836914,33.0059700012207,350.9527587890625,98.72540283203125
image_0721.jpg,48.80011749267578,23.543970108032227,345.41131591796875,111.66795349121094
image_0722.jpg,55.48899459838867,31.157320022583008,346.0030212402344,135.19178771972656
image_0723.jpg,56.812740325927734,30.004140853881836,348.0208740234375,141.54969787597656
image_0724.jpg,49.59059143066406,27.300838470458984,349.6960754394531,118.54759216308594
image_0725.jpg,47.302276611328125,24.443193435668945,341.1317443847656,119.35518646240234
image_0726.jpg,56.07829666137695,31.52761459350586,350.29864501953125,115.79237365722656
image_0727.jpg,53.193077087402344,33.514102935791016,347.0833740234375,101.67815399169922
image_0728.jpg,53.69839859008789,30.44758415222168,344.1441345214844,129.19041442871094
image_0729.jpg,59.958683013916016,31.53994369506836,350.07403564453125,133.04153442382812
image_0730.jpg,51.84295654296875,27.26973533630371,348.5426330566406,121.29209899902344
image_0731.jpg,50.368587493896484,27.405513763427734,345.3362121582031,104.69253540039062
image_0732.jpg,53.44009780883789,29.295499801635742,344.7060241699219,109.21634674072266
image_0733.jpg,59.20793533325195,34.957759857177734,353.2840270996094,146.6970977783203
image_0734.jpg,47.807960510253906,22.88434410095215,345.4788818359375,87.02873992919922
image_0735.jpg,54.60020065307617,29.079904556274414,346.8832092285156,112.73658752441406
image_0736.jpg,52.748931884765625,26.876277923583984,348.9415588378906,106.16474151611328
image_0737.jpg,28.25453758239746,25.317142486572266,345.64398193359375,81.56417083740234
image_0738.jpg,52.54310607910156,28.50330352783203,349.53521728515625,116.51770782470703
image_0739.jpg,44.76230239868164,27.157711029052734,347.1651916503906,138.4844970703125
image_0740.jpg,56.98464584350586,32.33767318725586,352.1358947753906,118.51777648925781
image_0741.jpg,49.25414276123047,24.961111068725586,347.5819091796875,95.51280212402344
image_0742.jpg,59.256568908691406,27.095844268798828,347.3573913574219,85.5672607421875
image_0743.jpg,58.67893981933594,37.384525299072266,353.8021545410156,135.3965606689453
image_0744.jpg,44.91011047363281,25.5295467376709,345.1594543457031,111.25223541259766
image_0745.jpg,49.825897216796875,27.68712043762207,347.8813171386719,113.09629821777344
image_0746.jpg,53.09104919433594,29.22124671936035,348.7641906738281,111.50935363769531
image_0747.jpg,49.28132247924805,29.24504852294922,349.2248229980469,127.48194885253906
image_0748.jpg,66.13125610351562,40.844234466552734,360.1583557128906,165.69476318359375
image_0749.jpg,58.8612060546875,30.103515625,353.0726013183594,149.11399841308594
image_0750.jpg,51.499595642089844,28.640750885009766,351.1551513671875,127.92499542236328
image_0751.jpg,50.86442947387695,32.885169982910156,349.4698181152344,137.60391235351562
image_0752.jpg,59.040245056152344,23.376781463623047,344.3661193847656,83.31432342529297
image_0753.jpg,64.56924438476562,42.85162353515625,360.0341796875,128.48666381835938
image_0754.jpg,75.59910583496094,25.453388214111328,343.7709045410156,119.75745391845703
image_0755.jpg,70.92826843261719,31.132322311401367,345.19854736328125,135.56712341308594
image_0756.jpg,49.22012710571289,28.685874938964844,348.6290283203125,121.36383819580078
image_0757.jpg,55.179500579833984,24.674612045288086,350.138427734375,128.2293701171875
image_0758.jpg,46.74753189086914,22.959047317504883,343.588134765625,119.62394714355469
image_0759.jpg,52.03374099731445,26.245750427246094,348.49200439453125,133.11874389648438
image_0760.jpg,50.95517349243164,26.735170364379883,345.7046203613281,143.5472869873047
image_0761.jpg,50.220375061035156,25.768375396728516,348.09783935546875,100.58163452148438
image_0762.jpg,52.889190673828125,25.966129302978516,350.5386657714844,108.3127670288086
image_0763.jpg,48.31844711303711,26.473735809326172,342.1627502441406,116.35287475585938
image_0764.jpg,51.970664978027344,26.29351806640625,347.7572021484375,107.69335174560547
image_0765.jpg,49.104774475097656,26.03205680847168,349.5594787597656,84.46304321289062
image_0766.jpg,65.67092895507812,23.73534393310547,348.9326477050781,108.56318664550781
image_0767.jpg,42.14324951171875,24.081235885620117,343.1592712402344,121.61678314208984
image_0768.jpg,56.22008514404297,29.290340423583984,343.1358947753906,131.54977416992188
image_0769.jpg,50.96376419067383,25.143159866333008,345.3812255859375,140.3333740234375
image_0770.jpg,56.612449645996094,25.04485511779785,348.0209045410156,145.16482543945312
image_0771.jpg,48.745296478271484,27.65085220336914,344.65447998046875,136.5853271484375
image_0772.jpg,52.16992950439453,24.500844955444336,350.73455810546875,109.54632568359375
image_0773.jpg,58.268585205078125,26.65458106994629,348.7998962402344,102.55319213867188
image_0774.jpg,57.980712890625,53.09147262573242,343.59857177734375,112.54448699951172
image_0775.jpg,66.3296127319336,29.720592498779297,344.53863525390625,111.15257263183594
image_0776.jpg,52.02265548706055,24.43191146850586,344.3219299316406,123.67474365234375
image_0777.jpg,68.306640625,35.682891845703125,356.5187072753906,143.67018127441406
image_0778.jpg,54.58461380004883,26.853294372558594,350.3221740722656,111.7741928100586
image_0779.jpg,53.78712463378906,25.67418670654297,346.5490417480469,111.64167022705078
image_0780.jpg,50.12885284423828,24.048742294311523,348.223388671875,128.67547607421875
image_0781.jpg,71.0710678100586,39.35465621948242,362.05657958984375,152.48797607421875
image_0782.jpg,54.629783630371094,25.87285041809082,347.4450378417969,120.8104248046875
image_0783.jpg,55.69746017456055,26.105587005615234,351.28131103515625,117.24430847167969
image_0784.jpg,55.98429489135742,27.930973052978516,350.45672607421875,116.32823944091797
image_0785.jpg,59.78456115722656,30.982263565063477,349.6453552246094,145.14874267578125
image_0786.jpg,49.743736267089844,27.832326889038086,344.0031433105469,107.59591674804688
image_0787.jpg,50.6544189453125,25.923234939575195,343.87286376953125,88.82380676269531
image_0788.jpg,51.620975494384766,28.960779190063477,345.3068542480469,120.7571792602539
image_0789.jpg,50.31243133544922,29.09002685546875,346.6613464355469,115.46729278564453
image_0790.jpg,56.87220764160156,31.49643325805664,347.5799865722656,103.59612274169922
image_0791.jpg,58.11525344848633,34.105533599853516,351.5222473144531,152.36802673339844
image_0792.jpg,51.83344268798828,28.36986541748047,346.7998352050781,114.61315155029297
image_0793.jpg,50.54363250732422,24.01538848876953,348.05816650390625,112.63444519042969
image_0794.jpg,53.600120544433594,28.29129409790039,347.744873046875,96.12005615234375
image_0795.jpg,56.24900817871094,32.493919372558594,352.315673828125,143.44427490234375
image_0796.jpg,57.531280517578125,26.889144897460938,354.5262145996094,116.4891128540039
image_0797.jpg,56.26155471801758,25.912057876586914,348.58624267578125,110.54157257080078
image_0798.jpg,56.782630920410156,24.703975677490234,351.48516845703125,109.26036071777344
image_0799.jpg,49.256595611572266,26.546459197998047,346.9259033203125,114.184814453125
image_0800.jpg,53.795623779296875,26.030912399291992,346.14971923828125,107.86925506591797
